-- ============================================
-- Yakiniku Jinan - Database Seed Data
-- Generated: 2026-02-05
-- ============================================

-- ============ STAFF (10 members, 2 admins) ============
INSERT INTO staff (id, employee_id, branch_code, name, name_kana, phone, email, role, pin_code, is_active, hire_date, created_at) VALUES
('staff-001', 'S001', 'jinan', '山田 太郎', 'ヤマダ タロウ', '090-1111-0001', 'yamada@yakiniku-jinan.jp', 'admin', '111111', 1, '2020-04-01', datetime('now')),
('staff-002', 'S002', 'jinan', '佐藤 花子', 'サトウ ハナコ', '090-1111-0002', 'sato@yakiniku-jinan.jp', 'admin', '222222', 1, '2020-04-01', datetime('now')),
('staff-003', 'S003', 'jinan', '田中 一郎', 'タナカ イチロウ', '090-1111-0003', 'tanaka@yakiniku-jinan.jp', 'manager', '333333', 1, '2021-06-15', datetime('now')),
('staff-004', 'S004', 'jinan', '鈴木 美咲', 'スズキ ミサキ', '090-1111-0004', 'suzuki@yakiniku-jinan.jp', 'cashier', '444444', 1, '2022-01-10', datetime('now')),
('staff-005', 'S005', 'jinan', '高橋 健太', 'タカハシ ケンタ', '090-1111-0005', 'takahashi@yakiniku-jinan.jp', 'waiter', '555555', 1, '2022-03-20', datetime('now')),
('staff-006', 'S006', 'jinan', '伊藤 さくら', 'イトウ サクラ', '090-1111-0006', 'ito@yakiniku-jinan.jp', 'waiter', '666666', 1, '2023-04-01', datetime('now')),
('staff-007', 'S007', 'jinan', '渡辺 大輔', 'ワタナベ ダイスケ', '090-1111-0007', 'watanabe@yakiniku-jinan.jp', 'kitchen', '777777', 1, '2021-08-01', datetime('now')),
('staff-008', 'S008', 'jinan', '中村 真由美', 'ナカムラ マユミ', '090-1111-0008', 'nakamura@yakiniku-jinan.jp', 'kitchen', '888888', 1, '2022-07-15', datetime('now')),
('staff-009', 'S009', 'jinan', '小林 翔太', 'コバヤシ ショウタ', '090-1111-0009', 'kobayashi@yakiniku-jinan.jp', 'receptionist', '999999', 1, '2023-09-01', datetime('now')),
('staff-010', 'S010', 'jinan', '加藤 愛', 'カトウ アイ', '090-1111-0010', 'kato@yakiniku-jinan.jp', 'waiter', '000000', 1, '2024-01-15', datetime('now'));

-- ============ GLOBAL CUSTOMERS (100 customers) ============
INSERT INTO global_customers (id, phone, name, email, created_at) VALUES
('cust-001', '090-2000-0001', '佐々木 美咲', 'sasaki.misaki@email.jp', '2024-01-15 10:30:00'),
('cust-002', '090-2000-0002', '木村 健太', 'kimura.kenta@email.jp', '2024-01-20 14:45:00'),
('cust-003', '090-2000-0003', '山本 真由美', 'yamamoto.mayumi@email.jp', '2024-02-01 11:20:00'),
('cust-004', '090-2000-0004', '井上 大輔', 'inoue.daisuke@email.jp', '2024-02-05 18:00:00'),
('cust-005', '090-2000-0005', '林 さくら', 'hayashi.sakura@email.jp', '2024-02-10 12:30:00'),
('cust-006', '090-2000-0006', '清水 翔太', 'shimizu.shota@email.jp', '2024-02-15 19:15:00'),
('cust-007', '090-2000-0007', '松本 愛', 'matsumoto.ai@email.jp', '2024-02-20 17:00:00'),
('cust-008', '090-2000-0008', '森田 一郎', 'morita.ichiro@email.jp', '2024-03-01 13:45:00'),
('cust-009', '090-2000-0009', '小川 花子', 'ogawa.hanako@email.jp', '2024-03-05 16:30:00'),
('cust-010', '090-2000-0010', '藤田 太郎', 'fujita.taro@email.jp', '2024-03-10 11:00:00'),
('cust-011', '090-2000-0011', '岡田 美優', 'okada.miyu@email.jp', '2024-03-15 20:00:00'),
('cust-012', '090-2000-0012', '後藤 康平', 'goto.kohei@email.jp', '2024-03-20 15:30:00'),
('cust-013', '090-2000-0013', '坂本 結衣', 'sakamoto.yui@email.jp', '2024-03-25 12:00:00'),
('cust-014', '090-2000-0014', '長谷川 誠', 'hasegawa.makoto@email.jp', '2024-04-01 18:45:00'),
('cust-015', '090-2000-0015', '石井 彩乃', 'ishii.ayano@email.jp', '2024-04-05 14:15:00'),
('cust-016', '090-2000-0016', '前田 隆太', 'maeda.ryuta@email.jp', '2024-04-10 19:30:00'),
('cust-017', '090-2000-0017', '藤井 美穂', 'fujii.miho@email.jp', '2024-04-15 11:45:00'),
('cust-018', '090-2000-0018', '村上 浩二', 'murakami.koji@email.jp', '2024-04-20 16:00:00'),
('cust-019', '090-2000-0019', '太田 麻衣', 'ota.mai@email.jp', '2024-04-25 13:30:00'),
('cust-020', '090-2000-0020', '金子 拓海', 'kaneko.takumi@email.jp', '2024-05-01 17:15:00'),
('cust-021', '090-2000-0021', '中島 優子', 'nakajima.yuko@email.jp', '2024-05-05 10:00:00'),
('cust-022', '090-2000-0022', '原田 直樹', 'harada.naoki@email.jp', '2024-05-10 14:30:00'),
('cust-023', '090-2000-0023', '小野 千尋', 'ono.chihiro@email.jp', '2024-05-15 19:00:00'),
('cust-024', '090-2000-0024', '竹内 勇気', 'takeuchi.yuki@email.jp', '2024-05-20 12:45:00'),
('cust-025', '090-2000-0025', '宮崎 葵', 'miyazaki.aoi@email.jp', '2024-05-25 15:15:00'),
('cust-026', '090-2000-0026', '近藤 雄大', 'kondo.yudai@email.jp', '2024-06-01 18:30:00'),
('cust-027', '090-2000-0027', '石川 美月', 'ishikawa.mizuki@email.jp', '2024-06-05 11:00:00'),
('cust-028', '090-2000-0028', '斎藤 蓮', 'saito.ren@email.jp', '2024-06-10 16:45:00'),
('cust-029', '090-2000-0029', '上野 七海', 'ueno.nanami@email.jp', '2024-06-15 13:15:00'),
('cust-030', '090-2000-0030', '横山 悠人', 'yokoyama.yuto@email.jp', '2024-06-20 17:30:00'),
('cust-031', '090-2000-0031', '大野 凛', 'ono.rin@email.jp', '2024-06-25 10:45:00'),
('cust-032', '090-2000-0032', '吉村 颯太', 'yoshimura.sota@email.jp', '2024-07-01 14:00:00'),
('cust-033', '090-2000-0033', '池田 陽菜', 'ikeda.hina@email.jp', '2024-07-05 19:15:00'),
('cust-034', '090-2000-0034', '福田 樹', 'fukuda.itsuki@email.jp', '2024-07-10 12:30:00'),
('cust-035', '090-2000-0035', '西村 楓', 'nishimura.kaede@email.jp', '2024-07-15 15:45:00'),
('cust-036', '090-2000-0036', '山口 海斗', 'yamaguchi.kaito@email.jp', '2024-07-20 18:00:00'),
('cust-037', '090-2000-0037', '中川 心春', 'nakagawa.koharu@email.jp', '2024-07-25 11:15:00'),
('cust-038', '090-2000-0038', '野村 陸', 'nomura.riku@email.jp', '2024-08-01 16:30:00'),
('cust-039', '090-2000-0039', '松田 美桜', 'matsuda.mio@email.jp', '2024-08-05 13:45:00'),
('cust-040', '090-2000-0040', '菊池 大翔', 'kikuchi.hiroto@email.jp', '2024-08-10 17:00:00'),
('cust-041', '090-2000-0041', '和田 莉子', 'wada.riko@email.jp', '2024-08-15 10:30:00'),
('cust-042', '090-2000-0042', '久保 湊', 'kubo.minato@email.jp', '2024-08-20 14:45:00'),
('cust-043', '090-2000-0043', '増田 紬', 'masuda.tsumugi@email.jp', '2024-08-25 19:00:00'),
('cust-044', '090-2000-0044', '河野 朝陽', 'kawano.asahi@email.jp', '2024-09-01 12:15:00'),
('cust-045', '090-2000-0045', '杉山 芽依', 'sugiyama.mei@email.jp', '2024-09-05 15:30:00'),
('cust-046', '090-2000-0046', '内田 悠真', 'uchida.yuma@email.jp', '2024-09-10 18:45:00'),
('cust-047', '090-2000-0047', '永井 柚葉', 'nagai.yuzuha@email.jp', '2024-09-15 11:00:00'),
('cust-048', '090-2000-0048', '今井 奏太', 'imai.sota@email.jp', '2024-09-20 16:15:00'),
('cust-049', '090-2000-0049', '小島 璃子', 'kojima.riko@email.jp', '2024-09-25 13:30:00'),
('cust-050', '090-2000-0050', '浅野 律', 'asano.ritsu@email.jp', '2024-10-01 17:45:00'),
('cust-051', '090-2000-0051', '千葉 結菜', 'chiba.yuna@email.jp', '2024-10-05 10:00:00'),
('cust-052', '090-2000-0052', '荒木 陽向', 'araki.hinata@email.jp', '2024-10-10 14:15:00'),
('cust-053', '090-2000-0053', '水野 咲良', 'mizuno.sakura@email.jp', '2024-10-15 19:30:00'),
('cust-054', '090-2000-0054', '古川 蒼', 'furukawa.ao@email.jp', '2024-10-20 12:45:00'),
('cust-055', '090-2000-0055', '岩田 彩葉', 'iwata.iroha@email.jp', '2024-10-25 16:00:00'),
('cust-056', '090-2000-0056', '服部 暖', 'hattori.dan@email.jp', '2024-11-01 18:15:00'),
('cust-057', '090-2000-0057', '本田 凪', 'honda.nagi@email.jp', '2024-11-05 11:30:00'),
('cust-058', '090-2000-0058', '平野 晴翔', 'hirano.haruto@email.jp', '2024-11-10 15:45:00'),
('cust-059', '090-2000-0059', '飯田 詩', 'iida.uta@email.jp', '2024-11-15 13:00:00'),
('cust-060', '090-2000-0060', '三浦 瑛太', 'miura.eita@email.jp', '2024-11-20 17:15:00'),
('cust-061', '090-2000-0061', '川崎 杏', 'kawasaki.an@email.jp', '2024-11-25 10:30:00'),
('cust-062', '090-2000-0062', '田村 碧', 'tamura.ao@email.jp', '2024-12-01 14:45:00'),
('cust-063', '090-2000-0063', '工藤 琴音', 'kudo.kotone@email.jp', '2024-12-05 19:00:00'),
('cust-064', '090-2000-0064', '北村 湊斗', 'kitamura.minato@email.jp', '2024-12-10 12:15:00'),
('cust-065', '090-2000-0065', '平田 芽生', 'hirata.mei@email.jp', '2024-12-15 15:30:00'),
('cust-066', '090-2000-0066', '安藤 蓮斗', 'ando.rento@email.jp', '2024-12-20 18:45:00'),
('cust-067', '090-2000-0067', '宮本 陽葵', 'miyamoto.himari@email.jp', '2024-12-25 11:00:00'),
('cust-068', '090-2000-0068', '堀 颯真', 'hori.soma@email.jp', '2025-01-05 16:15:00'),
('cust-069', '090-2000-0069', '大塚 柚希', 'otsuka.yuzuki@email.jp', '2025-01-10 13:30:00'),
('cust-070', '090-2000-0070', '谷口 陽太', 'taniguchi.yota@email.jp', '2025-01-15 17:45:00'),
('cust-071', '090-2000-0071', '秋山 美羽', 'akiyama.miu@email.jp', '2025-01-20 10:00:00'),
('cust-072', '090-2000-0072', '新井 陽翔', 'arai.haruto@email.jp', '2025-01-25 14:15:00'),
('cust-073', '090-2000-0073', '栗原 柊花', 'kurihara.toka@email.jp', '2025-02-01 19:30:00'),
('cust-074', '090-2000-0074', '松井 海翔', 'matsui.kaito@email.jp', '2025-02-05 12:45:00'),
('cust-075', '090-2000-0075', '青木 桃花', 'aoki.momoka@email.jp', '2025-02-10 16:00:00'),
('cust-076', '090-2000-0076', '遠藤 悠斗', 'endo.yuto@email.jp', '2025-02-15 18:15:00'),
('cust-077', '090-2000-0077', '村田 日向', 'murata.hinata@email.jp', '2025-02-20 11:30:00'),
('cust-078', '090-2000-0078', '武田 奏', 'takeda.kanade@email.jp', '2025-02-25 15:45:00'),
('cust-079', '090-2000-0079', '杉本 心愛', 'sugimoto.kokoa@email.jp', '2025-03-01 13:00:00'),
('cust-080', '090-2000-0080', '野口 陽斗', 'noguchi.haruto@email.jp', '2025-03-05 17:15:00'),
('cust-081', '090-2000-0081', '川村 紗良', 'kawamura.sara@email.jp', '2025-03-10 10:30:00'),
('cust-082', '090-2000-0082', '関 悠人', 'seki.yuto@email.jp', '2025-03-15 14:45:00'),
('cust-083', '090-2000-0083', '吉川 彩羽', 'yoshikawa.iroha@email.jp', '2025-03-20 19:00:00'),
('cust-084', '090-2000-0084', '佐野 航平', 'sano.kohei@email.jp', '2025-03-25 12:15:00'),
('cust-085', '090-2000-0085', '福島 楓花', 'fukushima.fuka@email.jp', '2025-04-01 15:30:00'),
('cust-086', '090-2000-0086', '片山 翔', 'katayama.sho@email.jp', '2025-04-05 18:45:00'),
('cust-087', '090-2000-0087', '中野 凛花', 'nakano.rinka@email.jp', '2025-04-10 11:00:00'),
('cust-088', '090-2000-0088', '土屋 奏汰', 'tsuchiya.kanata@email.jp', '2025-04-15 16:15:00'),
('cust-089', '090-2000-0089', '菅原 美月', 'sugawara.mizuki@email.jp', '2025-04-20 13:30:00'),
('cust-090', '090-2000-0090', '岩崎 蒼空', 'iwasaki.sora@email.jp', '2025-04-25 17:45:00'),
('cust-091', '090-2000-0091', '須藤 結月', 'sudo.yuzuki@email.jp', '2025-05-01 10:00:00'),
('cust-092', '090-2000-0092', '馬場 晴', 'baba.haru@email.jp', '2025-05-05 14:15:00'),
('cust-093', '090-2000-0093', '小山 澪', 'koyama.mio@email.jp', '2025-05-10 19:30:00'),
('cust-094', '090-2000-0094', '石田 大和', 'ishida.yamato@email.jp', '2025-05-15 12:45:00'),
('cust-095', '090-2000-0095', '尾崎 一花', 'ozaki.ichika@email.jp', '2025-05-20 16:00:00'),
('cust-096', '090-2000-0096', '星野 湊太', 'hoshino.sota@email.jp', '2025-05-25 18:15:00'),
('cust-097', '090-2000-0097', '大谷 紬希', 'otani.tsumuki@email.jp', '2025-06-01 11:30:00'),
('cust-098', '090-2000-0098', '望月 颯', 'mochizuki.hayate@email.jp', '2025-06-05 15:45:00'),
('cust-099', '090-2000-0099', '小松 凛', 'komatsu.rin@email.jp', '2025-06-10 13:00:00'),
('cust-100', '090-2000-0100', '丸山 大智', 'maruyama.daichi@email.jp', '2025-06-15 17:15:00');

-- ============ BRANCH CUSTOMERS (with sentiment) ============
-- Sentiment: very_positive, positive, neutral, negative, very_negative
INSERT INTO branch_customers (id, global_customer_id, branch_code, visit_count, last_visit, is_vip, notes, created_at) VALUES
('bc-001', 'cust-001', 'jinan', 15, '2025-12-20 19:30:00', 1, '常連様。いつもタン塩を注文される [positive]', datetime('now')),
('bc-002', 'cust-002', 'jinan', 8, '2025-11-15 18:00:00', 0, 'お子様連れで来店。個室希望 [positive]', datetime('now')),
('bc-003', 'cust-003', 'jinan', 3, '2025-10-01 20:00:00', 0, '初回割引利用 [neutral]', datetime('now')),
('bc-004', 'cust-004', 'jinan', 22, '2026-01-10 19:00:00', 1, 'VIP。特別なお祝いでよく利用 [very_positive]', datetime('now')),
('bc-005', 'cust-005', 'jinan', 1, '2025-08-05 18:30:00', 0, '一度きりの来店 [neutral]', datetime('now')),
('bc-006', 'cust-006', 'jinan', 12, '2025-12-01 20:30:00', 1, '肉の焼き加減にこだわる。レア希望 [positive]', datetime('now')),
('bc-007', 'cust-007', 'jinan', 5, '2025-09-20 19:00:00', 0, 'アレルギー（甲殻類）あり [neutral]', datetime('now')),
('bc-008', 'cust-008', 'jinan', 18, '2026-01-25 18:30:00', 1, 'ワイン好き。記念日利用多し [very_positive]', datetime('now')),
('bc-009', 'cust-009', 'jinan', 2, '2025-07-10 19:30:00', 0, 'クーポン利用のみ [neutral]', datetime('now')),
('bc-010', 'cust-010', 'jinan', 10, '2025-11-30 20:00:00', 1, '大人数宴会でよく予約 [positive]', datetime('now')),
('bc-011', 'cust-011', 'jinan', 1, '2025-06-01 18:00:00', 0, '料理の提供が遅いとクレーム [negative]', datetime('now')),
('bc-012', 'cust-012', 'jinan', 7, '2025-10-15 19:00:00', 0, '静かな席希望。デート利用 [positive]', datetime('now')),
('bc-013', 'cust-013', 'jinan', 4, '2025-09-05 18:30:00', 0, '辛いもの好き [neutral]', datetime('now')),
('bc-014', 'cust-014', 'jinan', 20, '2026-02-01 19:30:00', 1, '会社の接待でよく利用。上質な肉希望 [very_positive]', datetime('now')),
('bc-015', 'cust-015', 'jinan', 3, '2025-08-20 20:00:00', 0, 'ベジタリアン向けメニュー希望 [neutral]', datetime('now')),
('bc-016', 'cust-016', 'jinan', 1, '2025-07-15 18:00:00', 0, '予約時間に遅刻。30分待ち [neutral]', datetime('now')),
('bc-017', 'cust-017', 'jinan', 9, '2025-11-10 19:00:00', 0, '写真撮影好き。インスタ投稿 [positive]', datetime('now')),
('bc-018', 'cust-018', 'jinan', 25, '2026-01-20 20:30:00', 1, '創業時からの常連様。最高級コース [very_positive]', datetime('now')),
('bc-019', 'cust-019', 'jinan', 2, '2025-08-01 18:30:00', 0, '価格について質問多い [neutral]', datetime('now')),
('bc-020', 'cust-020', 'jinan', 6, '2025-10-05 19:00:00', 0, '禁煙席希望。匂いに敏感 [positive]', datetime('now')),
('bc-021', 'cust-021', 'jinan', 1, '2025-06-20 18:00:00', 0, 'サービスに不満。二度と来ないと発言 [very_negative]', datetime('now')),
('bc-022', 'cust-022', 'jinan', 11, '2025-12-10 19:30:00', 1, '誕生日ケーキ持ち込み許可済 [positive]', datetime('now')),
('bc-023', 'cust-023', 'jinan', 4, '2025-09-15 20:00:00', 0, '飲み放題プラン好き [neutral]', datetime('now')),
('bc-024', 'cust-024', 'jinan', 8, '2025-11-01 18:30:00', 0, '子供用メニュー注文 [positive]', datetime('now')),
('bc-025', 'cust-025', 'jinan', 2, '2025-07-25 19:00:00', 0, '前回の会計ミスで返金対応済 [neutral]', datetime('now')),
('bc-026', 'cust-026', 'jinan', 15, '2025-12-25 20:00:00', 1, 'クリスマス毎年予約。ロマンチックな席希望 [very_positive]', datetime('now')),
('bc-027', 'cust-027', 'jinan', 1, '2025-06-10 18:00:00', 0, 'メニューが分かりにくいとフィードバック [neutral]', datetime('now')),
('bc-028', 'cust-028', 'jinan', 7, '2025-10-20 19:30:00', 0, 'ホルモン専門。通な注文 [positive]', datetime('now')),
('bc-029', 'cust-029', 'jinan', 3, '2025-08-15 18:30:00', 0, '早めの時間帯希望。高齢者同伴 [neutral]', datetime('now')),
('bc-030', 'cust-030', 'jinan', 19, '2026-01-15 20:00:00', 1, 'ワイン会幹事。大口注文 [very_positive]', datetime('now')),
('bc-031', 'cust-031', 'jinan', 2, '2025-07-05 19:00:00', 0, '席が狭いとコメント [negative]', datetime('now')),
('bc-032', 'cust-032', 'jinan', 10, '2025-11-20 18:00:00', 1, 'スポーツ選手。タンパク質重視 [positive]', datetime('now')),
('bc-033', 'cust-033', 'jinan', 5, '2025-09-25 19:30:00', 0, 'デザート追加注文多し [positive]', datetime('now')),
('bc-034', 'cust-034', 'jinan', 1, '2025-06-25 20:00:00', 0, '予約キャンセル歴あり（無断） [negative]', datetime('now')),
('bc-035', 'cust-035', 'jinan', 12, '2025-12-05 18:30:00', 1, '日本酒詳しい。銘柄指定 [positive]', datetime('now')),
('bc-036', 'cust-036', 'jinan', 4, '2025-09-10 19:00:00', 0, '外国人ゲスト同伴。英語メニュー必要 [neutral]', datetime('now')),
('bc-037', 'cust-037', 'jinan', 6, '2025-10-10 20:00:00', 0, '赤ちゃん連れ。ベビーカー [positive]', datetime('now')),
('bc-038', 'cust-038', 'jinan', 1, '2025-06-15 18:00:00', 0, '量が少ないとクレーム [negative]', datetime('now')),
('bc-039', 'cust-039', 'jinan', 8, '2025-11-05 19:30:00', 0, '女子会利用。サラダ多め [positive]', datetime('now')),
('bc-040', 'cust-040', 'jinan', 16, '2025-12-30 20:00:00', 1, '年末年始は必ず予約 [very_positive]', datetime('now')),
('bc-041', 'cust-041', 'jinan', 3, '2025-08-10 18:30:00', 0, '支払い分割希望 [neutral]', datetime('now')),
('bc-042', 'cust-042', 'jinan', 7, '2025-10-25 19:00:00', 0, 'スタッフの対応を褒めてくれた [positive]', datetime('now')),
('bc-043', 'cust-043', 'jinan', 2, '2025-07-20 20:00:00', 0, '駐車場について質問 [neutral]', datetime('now')),
('bc-044', 'cust-044', 'jinan', 13, '2025-12-15 18:00:00', 1, '法人カード利用。領収書必要 [positive]', datetime('now')),
('bc-045', 'cust-045', 'jinan', 5, '2025-09-30 19:30:00', 0, 'アニバーサリープレート希望 [positive]', datetime('now')),
('bc-046', 'cust-046', 'jinan', 1, '2025-06-30 18:30:00', 0, '料理が冷たいとクレーム [negative]', datetime('now')),
('bc-047', 'cust-047', 'jinan', 9, '2025-11-25 20:00:00', 0, '焼肉のたれ追加注文多し [neutral]', datetime('now')),
('bc-048', 'cust-048', 'jinan', 4, '2025-09-01 19:00:00', 0, '静かで落ち着いた雰囲気を評価 [positive]', datetime('now')),
('bc-049', 'cust-049', 'jinan', 2, '2025-07-30 18:00:00', 0, 'クーポンサイト経由 [neutral]', datetime('now')),
('bc-050', 'cust-050', 'jinan', 21, '2026-02-03 19:30:00', 1, '毎月来店。ポイントカード満点 [very_positive]', datetime('now')),
('bc-051', 'cust-051', 'jinan', 3, '2025-08-25 20:00:00', 0, '誕生日サプライズ依頼 [positive]', datetime('now')),
('bc-052', 'cust-052', 'jinan', 6, '2025-10-01 18:30:00', 0, 'テイクアウト利用あり [neutral]', datetime('now')),
('bc-053', 'cust-053', 'jinan', 1, '2025-06-05 19:00:00', 0, '混雑時の待ち時間に不満 [negative]', datetime('now')),
('bc-054', 'cust-054', 'jinan', 8, '2025-11-15 20:00:00', 0, 'ビール好き。生ビール大量注文 [positive]', datetime('now')),
('bc-055', 'cust-055', 'jinan', 4, '2025-09-20 18:00:00', 0, 'ダイエット中。サラダ中心 [neutral]', datetime('now')),
('bc-056', 'cust-056', 'jinan', 14, '2025-12-20 19:30:00', 1, '家族全員で来店。大家族 [positive]', datetime('now')),
('bc-057', 'cust-057', 'jinan', 2, '2025-07-10 18:30:00', 0, '予約確認電話が多い [neutral]', datetime('now')),
('bc-058', 'cust-058', 'jinan', 7, '2025-10-15 20:00:00', 0, '焼き方アドバイス感謝 [positive]', datetime('now')),
('bc-059', 'cust-059', 'jinan', 1, '2025-06-20 19:00:00', 0, 'タバコの匂いが気になると指摘 [neutral]', datetime('now')),
('bc-060', 'cust-060', 'jinan', 11, '2025-11-30 18:00:00', 1, '週末常連。金曜夜は必ず予約 [positive]', datetime('now')),
('bc-061', 'cust-061', 'jinan', 3, '2025-08-05 19:30:00', 0, '車椅子利用。バリアフリー確認 [neutral]', datetime('now')),
('bc-062', 'cust-062', 'jinan', 5, '2025-09-25 20:00:00', 0, 'メニューの写真を褒めてくれた [positive]', datetime('now')),
('bc-063', 'cust-063', 'jinan', 1, '2025-06-25 18:30:00', 0, '接客態度にクレーム [very_negative]', datetime('now')),
('bc-064', 'cust-064', 'jinan', 9, '2025-10-30 19:00:00', 0, '同僚との飲み会利用 [positive]', datetime('now')),
('bc-065', 'cust-065', 'jinan', 2, '2025-07-15 18:00:00', 0, '値段の割に量が多いと満足 [positive]', datetime('now')),
('bc-066', 'cust-066', 'jinan', 17, '2026-01-05 20:00:00', 1, '新年会幹事。毎年利用 [very_positive]', datetime('now')),
('bc-067', 'cust-067', 'jinan', 4, '2025-09-05 19:30:00', 0, '子供の誕生日会 [positive]', datetime('now')),
('bc-068', 'cust-068', 'jinan', 6, '2025-10-10 18:30:00', 0, '冷麺ファン。夏限定メニュー好き [positive]', datetime('now')),
('bc-069', 'cust-069', 'jinan', 1, '2025-06-10 20:00:00', 0, '注文間違いで再調理 [negative]', datetime('now')),
('bc-070', 'cust-070', 'jinan', 10, '2025-11-20 19:00:00', 1, '地元企業社長。個室VIP対応 [very_positive]', datetime('now')),
('bc-071', 'cust-071', 'jinan', 3, '2025-08-15 18:00:00', 0, '健康診断前で軽めのオーダー [neutral]', datetime('now')),
('bc-072', 'cust-072', 'jinan', 7, '2025-10-05 19:30:00', 0, '友達紹介で来店。リファラル [positive]', datetime('now')),
('bc-073', 'cust-073', 'jinan', 2, '2025-07-25 20:00:00', 0, 'ペット同伴希望（テラス席） [neutral]', datetime('now')),
('bc-074', 'cust-074', 'jinan', 12, '2025-12-10 18:30:00', 1, 'サッカー観戦しながら食事 [positive]', datetime('now')),
('bc-075', 'cust-075', 'jinan', 5, '2025-09-15 19:00:00', 0, 'お花の贈り物手配依頼 [positive]', datetime('now')),
('bc-076', 'cust-076', 'jinan', 1, '2025-06-15 18:00:00', 0, 'エアコンが寒すぎると指摘 [neutral]', datetime('now')),
('bc-077', 'cust-077', 'jinan', 8, '2025-10-20 20:00:00', 0, '韓国料理通。ビビンバ注文多し [positive]', datetime('now')),
('bc-078', 'cust-078', 'jinan', 4, '2025-09-01 19:30:00', 0, '静かなカップル。邪魔しないで [neutral]', datetime('now')),
('bc-079', 'cust-079', 'jinan', 15, '2025-12-25 18:00:00', 1, '毎年クリスマスに来店するカップル [very_positive]', datetime('now')),
('bc-080', 'cust-080', 'jinan', 2, '2025-07-05 19:00:00', 0, '料理の塩加減についてコメント [neutral]', datetime('now')),
('bc-081', 'cust-081', 'jinan', 6, '2025-10-25 18:30:00', 0, '遅い時間帯希望。22時以降 [neutral]', datetime('now')),
('bc-082', 'cust-082', 'jinan', 1, '2025-06-01 20:00:00', 0, '初めての焼肉で感動 [positive]', datetime('now')),
('bc-083', 'cust-083', 'jinan', 9, '2025-11-10 19:30:00', 0, 'サプライズプロポーズ成功！ [very_positive]', datetime('now')),
('bc-084', 'cust-084', 'jinan', 3, '2025-08-20 18:00:00', 0, '飲み物のみ注文 [neutral]', datetime('now')),
('bc-085', 'cust-085', 'jinan', 13, '2025-12-15 19:00:00', 1, '地元のお祭りの打ち上げで利用 [positive]', datetime('now')),
('bc-086', 'cust-086', 'jinan', 5, '2025-09-25 20:00:00', 0, '音楽がうるさいとフィードバック [negative]', datetime('now')),
('bc-087', 'cust-087', 'jinan', 2, '2025-07-20 18:30:00', 0, '海外からの帰国。日本食が恋しい [positive]', datetime('now')),
('bc-088', 'cust-088', 'jinan', 7, '2025-10-30 19:30:00', 0, 'ランチも来たいとリクエスト [positive]', datetime('now')),
('bc-089', 'cust-089', 'jinan', 4, '2025-09-10 18:00:00', 0, 'アレルギー（乳製品）あり [neutral]', datetime('now')),
('bc-090', 'cust-090', 'jinan', 18, '2026-01-30 20:00:00', 1, '経営者仲間との会食場所として固定 [very_positive]', datetime('now')),
('bc-091', 'cust-091', 'jinan', 1, '2025-06-05 19:00:00', 0, 'Wi-Fiパスワード聞いてきた [neutral]', datetime('now')),
('bc-092', 'cust-092', 'jinan', 6, '2025-10-05 18:30:00', 0, 'インスタストーリー投稿してくれた [positive]', datetime('now')),
('bc-093', 'cust-093', 'jinan', 3, '2025-08-10 19:30:00', 0, '持ち込みケーキ希望（確認済） [neutral]', datetime('now')),
('bc-094', 'cust-094', 'jinan', 10, '2025-11-25 20:00:00', 1, '忘年会シーズンに毎年予約 [positive]', datetime('now')),
('bc-095', 'cust-095', 'jinan', 2, '2025-07-10 18:00:00', 0, 'トイレが清潔で良いと評価 [positive]', datetime('now')),
('bc-096', 'cust-096', 'jinan', 8, '2025-10-15 19:00:00', 0, '紹介された新メニューを気に入った [positive]', datetime('now')),
('bc-097', 'cust-097', 'jinan', 1, '2025-06-20 20:00:00', 0, '予約なしで来店。席なしで断念 [negative]', datetime('now')),
('bc-098', 'cust-098', 'jinan', 5, '2025-09-05 18:30:00', 0, '週に2回来店した月あり [positive]', datetime('now')),
('bc-099', 'cust-099', 'jinan', 11, '2025-11-30 19:30:00', 1, '口コミサイトに高評価レビュー投稿 [very_positive]', datetime('now')),
('bc-100', 'cust-100', 'jinan', 4, '2025-09-20 18:00:00', 0, '駅から近くて便利と評価 [positive]', datetime('now'));
